,Artist,Streams,Daily,As lead,Solo,As Feature
0,Drake,86670.0,120.077,58453.7,33249.1,28216.3
1,Bad Bunny,68870.7,48.997,41709.8,23535.1,27160.9
2,Taylor Swift,60244.0,77.824,57917.6,52613.5,2326.4
3,The Weeknd,54921.7,41.466,43654.5,31770.4,11267.2
4,Ed Sheeran,48443.9,18.335,43228.6,34307.3,5215.3
5,Justin Bieber,48116.4,18.285,28336.1,17387.2,19780.3
6,Eminem,42548.9,18.8,35944.6,21861.9,6604.3
7,Ariana Grande,40678.5,15.84,33609.4,23566.0,7069.1
8,J Balvin,39096.8,10.991,17617.9,5734.4,21478.9
9,Post Malone,38549.3,16.662,34991.1,19255.0,3558.2
10,Travis Scott,38383.1,28.159,19457.9,15289.8,18925.2
11,Kanye West,38340.3,21.648,27738.9,18373.6,10601.4
12,BTS,36185.1,13.166,32369.9,29296.8,3815.2
13,Rihanna,36094.5,20.566,25848.3,17052.1,10246.2
14,Ozuna,33713.5,12.665,14139.3,6281.6,19574.2
15,Juice WRLD,32709.1,11.928,23885.3,18494.3,8823.8
16,Future,31582.8,18.063,15588.7,7422.8,15994.0
17,Nicki Minaj,31174.2,13.349,10842.6,6126.9,20331.6
18,Kendrick Lamar,30301.6,14.54,20382.9,12397.1,9918.7
19,Billie Eilish,29711.6,16.87,29711.6,25729.0,0.0
20,XXXTENTACION,28695.0,10.288,24965.3,20474.8,3729.6
21,Chris Brown,28675.9,12.043,15088.1,7164.2,13587.7
22,Imagine Dragons,28529.2,14.203,26847.7,22895.4,1681.5
23,Khalid,28016.7,7.936,14878.0,9827.1,13138.7
24,Bruno Mars,27991.4,17.408,21328.1,17565.3,6663.2
25,Coldplay,27952.0,14.236,25549.1,22689.9,2402.9
26,Dua Lipa,27645.7,13.714,18083.6,14368.2,9562.1
27,Daddy Yankee,27557.4,12.425,12666.3,6497.6,14891.2
28,Lil Wayne,26984.3,10.331,10145.9,2825.2,16838.4
29,David Guetta,25650.5,13.49,18780.7,908.4,6869.8
30,Lil Baby,24058.5,12.214,11816.2,5430.3,12242.3
31,Anuel AA,23945.3,14.827,10990.2,3308.7,12955.1
32,21 Savage,23708.3,23.378,9329.8,4882.9,14378.5
33,Maroon 5,23706.2,10.118,23509.1,15074.9,197.1
34,Lil Uzi Vert,23167.9,9.8,14883.3,11940.7,8284.6
35,Maluma,23017.7,11.03,12713.0,7850.5,10304.7
36,Beyoncé,22326.6,11.426,18381.7,13885.8,3944.9
37,Calvin Harris,22176.7,10.335,20539.5,3631.8,1637.3
38,Shawn Mendes,22123.7,6.988,21523.9,16523.1,599.9
39,Young Thug,21836.3,8.588,7446.5,1878.8,14389.8
40,Rauw Alejandro,21745.8,16.087,11802.3,4403.6,9943.4
41,Sia,21651.4,8.194,14525.7,10581.7,7125.7
42,Sam Smith,21414.5,9.151,18281.8,13717.8,3132.7
43,J. Cole,21392.7,16.377,16329.5,13051.2,5063.2
44,Farruko,21010.6,7.564,5734.7,3200.2,15275.9
45,Lana Del Rey,20755.8,22.516,18811.3,16931.9,1944.4
46,Queen,19988.7,9.363,19935.1,18415.2,53.6
47,Nicky Jam,19473.4,5.329,7855.6,2060.5,11617.8
48,Selena Gomez,19444.4,8.742,11681.1,8382.4,7763.2
49,Harry Styles,19258.4,11.517,19258.4,19258.4,0.0
50,Halsey,19230.1,6.021,10611.7,9373.0,8618.4
51,Lady Gaga,19031.8,9.767,18622.5,12336.8,409.4
52,One Direction,18972.1,8.395,18972.1,18890.4,0.0
53,Myke Towers,18694.4,16.718,6121.7,4121.6,12572.7
54,KAROL G,18463.4,26.483,12945.8,5844.1,5517.5
55,Doja Cat,18451.2,20.662,14945.4,10431.2,3505.7
56,Ty Dolla $ign,18451.0,4.691,3954.3,275.7,14496.8
57,Adele,18251.2,10.759,18209.0,18083.5,42.2
58,Wiz Khalifa,17723.9,5.994,8123.7,3092.5,9600.2
59,Shakira,17706.3,14.798,13442.4,6239.3,4263.9
60,The Chainsmokers,17625.1,4.993,17194.2,3098.6,430.9
61,SZA,17419.9,24.366,10969.1,8167.5,6450.8
62,Cardi B,17204.8,5.255,7927.2,3141.5,9277.6
63,Katy Perry,17138.1,9.014,14901.5,11312.7,2236.6
64,The Beatles,16899.3,7.814,16897.1,16893.4,2.2
65,Linkin Park,16523.9,9.268,15313.3,14316.4,1210.7
66,Marshmello,16496.3,7.131,12262.8,1432.1,4233.5
67,DaBaby,16158.8,5.001,7580.9,4216.6,8578.0
68,Gunna,16073.7,10.434,5386.0,2852.1,10687.7
69,Camila Cabello,16029.1,4.907,9075.5,4693.6,6953.6
70,Miley Cyrus,15713.7,10.397,13491.5,11731.7,2222.2
71,JAY-Z,15588.7,8.083,8498.2,1925.2,7090.5
72,Arctic Monkeys,15519.6,12.85,15519.6,15519.6,0.0
73,Avicii,15328.6,5.622,14343.8,9564.9,984.8
74,Kygo,15190.7,3.671,13556.8,202.2,1634.0
75,Quavo,15174.1,4.859,1718.6,634.2,13455.4
76,A$AP Rocky,15035.9,6.081,8100.3,3143.4,6935.6
77,Pitbull,14789.8,7.251,10132.3,1181.0,4657.6
78,Twenty One Pilots,14775.3,4.647,14775.3,14720.4,0.0
79,Sech,14710.4,5.139,6000.9,1889.3,8709.5
80,Feid,14522.2,24.515,7464.5,4285.9,7057.6
81,Tyga,14057.7,5.315,6115.0,2287.7,7942.6
82,Metro Boomin,13967.7,14.237,6838.2,83.5,7129.5
83,Jason Derulo,13661.8,4.289,10426.4,6273.2,3235.4
84,Trippie Redd,13567.1,5.842,8805.0,4568.2,4762.1
85,Snoop Dogg,13523.8,6.461,5161.4,1219.3,8362.4
86,Demi Lovato,13476.1,4.973,8558.1,7525.2,4918.0
87,Red Hot Chili Peppers,13459.8,6.989,13459.8,13459.2,0.0
88,OneRepublic,13332.5,7.35,12314.9,10722.5,1017.6
89,Frank Ocean,13314.1,8.21,10454.7,9643.7,2859.4
90,Tyler The Creator,13270.2,8.666,11088.4,5784.2,2181.8
91,Olivia Rodrigo,13059.1,21.643,13057.0,11820.9,2.1
92,Bebe Rexha,13036.5,5.356,4818.4,2360.9,8218.2
93,Big Sean,12783.2,2.925,5970.6,1941.8,6812.6
94,A Boogie Wit da Hoodie,12753.9,5.983,8244.4,4273.0,4509.5
95,Migos,12721.5,3.204,8540.3,3976.8,4181.2
96,Mac Miller,12692.6,6.549,11708.4,9053.3,984.2
97,Michael Jackson,12615.9,6.95,11986.3,11030.6,629.6
98,Pop Smoke,12551.5,5.76,11332.7,5925.4,1218.8
99,Charlie Puth,12507.2,6.366,9955.7,5904.2,2551.5
100,Swae Lee,12414.5,5.561,371.6,116.0,12042.9
101,Arcángel,12400.2,7.514,4615.8,1029.2,7784.4
102,Sebastian Yatra,12043.1,5.96,7871.5,3257.3,4171.6
103,Kodak Black,12032.3,5.988,8014.3,4868.2,4018.0
104,YoungBoy Never Broke Again,11966.9,6.547,8804.8,7671.8,3162.0
105,Morgan Wallen,11919.9,15.572,10661.3,10006.9,1258.6
106,G-Eazy,11873.8,2.89,8835.1,1297.8,3038.7
107,Elton John,11850.4,7.254,10686.9,7537.3,1163.5
108,Tiësto,11821.6,6.731,9394.6,2432.1,2427.0
109,Diplo,11753.8,3.703,3717.1,29.7,8036.7
110,Gucci Mane,11576.1,3.201,5380.7,1102.6,6195.4
111,50 Cent,11552.2,7.275,7851.4,4672.7,3700.8
112,BLACKPINK,11545.8,8.328,10602.3,9889.1,943.4
113,Alan Walker,11432.1,5.91,9552.1,3911.9,1880.0
114,Ellie Goulding,11411.4,4.638,8314.7,6374.9,3096.7
115,2 Chainz,11396.3,2.616,3394.2,783.6,8002.2
116,Metallica,11390.3,5.965,11346.6,11210.0,43.7
117,$uicideboy$,11368.8,10.455,11045.3,8864.6,323.5
118,DJ Snake,11310.0,3.568,8649.9,415.2,2660.1
119,Lil Peep,11251.1,5.741,10703.3,6131.2,547.8
120,Romeo Santos,11225.8,6.99,7716.0,4308.2,3509.8
121,Polo G,11221.4,5.798,7969.2,5184.5,3252.3
122,Manuel Turizo,11163.8,8.484,5501.2,3590.9,5662.7
123,Arijit Singh,11130.5,23.791,4065.6,2431.3,7064.9
124,Daft Punk,11121.7,5.77,6730.3,4019.4,4391.5
125,Logic,11023.9,2.238,8890.5,4717.0,2133.4
126,Justin Timberlake,10992.2,5.751,7982.1,5640.7,3010.1
127,P!nk,10991.6,5.821,9936.2,7437.9,1055.4
128,Panic! At The Disco,10895.5,3.136,10114.4,9787.4,781.1
129,Sean Paul,10832.1,4.898,5294.8,2117.6,5537.3
130,Marília Mendonça,10796.7,5.126,7897.9,5327.8,2898.8
131,Justin Quiles,10632.1,4.155,3306.3,1480.5,7325.7
132,Jhayco,10629.5,11.095,4418.1,1028.1,6211.4
133,Lil Nas X,10620.3,3.435,10620.3,5970.5,0.0
134,Die drei ???,10562.4,5.31,10562.4,10536.2,0.0
135,Roddy Ricch,10553.3,3.605,4994.9,3642.4,5558.4
136,Martin Garrix,10524.1,2.827,9490.2,749.9,1034.0
137,Playboi Carti,10375.0,9.717,7486.9,4849.0,2888.1
138,James Arthur,10338.5,7.19,9295.5,8171.6,1043.0
139,Offset,10308.7,3.76,2436.0,374.6,7872.7
140,AC/DC,10271.5,5.568,10271.5,10271.5,0.0
141,Tory Lanez,10261.3,5.374,6407.4,4175.7,3853.9
142,Major Lazer,10252.4,2.51,9058.5,33.0,1193.9
143,Pharrell Williams,10153.1,3.705,2475.2,1899.3,7677.8
144,Fall Out Boy,10115.7,4.638,9110.3,8394.0,1005.4
145,blackbear,10080.4,2.59,6944.9,5564.6,3135.5
146,Lenny Tavárez,10073.9,3.91,730.9,144.9,9342.9
147,The Neighbourhood,9999.0,8.295,9994.5,9619.3,4.5
148,Disney,9961.8,5.968,0.0,0.0,9961.8
149,John Mayer,9959.6,3.589,9307.2,9053.5,652.4
150,Kid Cudi,9931.5,4.757,7202.3,3948.2,2729.2
151,Wisin,9922.2,2.511,3597.4,491.0,6324.8
152,Lil Durk,9880.5,6.686,4159.6,1779.7,5720.8
153,NF,9858.2,5.582,9704.8,8742.9,153.3
154,USHER,9791.0,5.248,7059.1,3057.9,2731.9
155,Luis Miguel,9755.4,7.149,9748.6,9738.1,6.8
156,5 Seconds of Summer,9591.4,4.107,9001.4,8555.9,590.0
157,Machine Gun Kelly,9586.2,3.152,8279.8,3204.3,1306.4
158,Joji,9569.2,5.692,8781.3,7731.5,787.8
159,Zedd,9464.2,2.323,6436.8,207.5,3027.4
160,Chance the Rapper,9419.8,2.058,3737.4,629.1,5682.4
161,Flo Rida,9411.3,4.085,7603.2,3439.4,1808.1
162,Becky G,9405.0,5.317,5931.7,1561.7,3473.3
163,Robin Schulz,9380.2,3.258,5593.2,303.4,3787.0
164,Nirvana,9366.4,5.64,9366.4,9365.9,0.0
165,Britney Spears,9333.2,5.291,8095.1,7600.1,1238.1
166,Anne-Marie,9326.1,4.665,3879.5,2995.8,5446.6
167,The Kid LAROI,9314.3,4.131,8166.1,3326.1,1148.2
168,Lewis Capaldi,9300.2,5.762,9300.2,8900.4,0.0
169,Akon,9278.0,5.92,4209.3,2258.4,5068.7
170,Lauv,9271.0,3.656,8391.7,5627.5,879.4
171,Macklemore,9269.1,3.799,2220.6,319.8,7048.5
172,Anitta,9246.9,3.899,4582.2,1997.4,4664.7
173,Luke Combs,9232.6,8.551,8837.1,8344.1,395.5
174,ZAYN,9205.3,2.904,8296.6,4256.0,908.7
175,ROSALÍA,9195.3,6.219,6194.7,3311.7,3000.6
176,Duki,9164.5,8.589,4382.3,1890.7,4782.2
177,Black Eyed Peas,9163.9,5.068,8861.6,6094.3,302.3
178,Bizarrap,9129.2,19.414,7717.1,67.5,1412.1
179,French Montana,9121.8,2.388,4439.5,287.3,4682.2
180,Zion & Lennox,9078.1,2.94,3347.3,1672.9,5730.8
181,Green Day,9055.7,5.841,8977.0,8973.5,78.6
182,Zara Larsson,9020.0,3.255,6022.2,4450.0,2997.8
183,Lil Yachty,9010.5,6.606,3552.0,1370.2,5458.5
184,Little Mix,9008.2,2.331,7777.3,5645.3,1230.8
185,Don Omar,9003.3,7.103,7210.0,3799.0,1793.3
186,Camilo,8975.9,4.053,5422.5,2458.8,3553.3
187,John Legend,8912.0,2.547,5566.3,4425.2,3345.7
188,Lil Tjay,8907.7,5.135,5989.5,3358.4,2918.1
189,DJ Khaled,8884.2,3.348,8285.4,432.2,598.8
190,Bob Marley & The Wailers,8763.9,4.754,8669.3,7978.3,94.6
191,Fleetwood Mac,8710.1,6.689,8710.0,8709.6,0.1
192,Pritam,8673.3,16.041,7473.4,4.1,1199.9
193,Jorge & Mateus,8641.9,4.391,6416.5,6357.6,2225.4
194,Skrillex,8574.3,3.077,3983.9,1117.6,4590.3
195,Henrique & Juliano,8573.1,8.534,7021.2,6784.0,1551.9
196,Peso Pluma,8569.3,35.276,4024.5,1226.1,4544.8
197,Pink Floyd,8507.0,4.3,8507.0,8505.1,0.0
198,2Pac,8481.8,5.268,8282.0,3517.0,199.7
199,Childish Gambino,8470.1,4.704,7784.5,7333.4,685.7
200,Enrique Iglesias,8397.2,3.859,6977.4,2020.7,1419.8
201,Rick Ross,8340.3,3.156,2386.6,573.3,5953.7
202,Dr. Dre,8324.7,4.931,5427.6,370.3,2897.1
203,Guns N' Roses,8309.7,4.697,8309.7,8309.7,0.0
204,Ava Max,8306.9,4.824,5847.5,5424.8,2459.3
205,Michael Bublé,8261.2,2.113,7894.0,6824.2,367.2
206,Meghan Trainor,8239.5,3.272,6655.6,5284.1,1583.9
207,Ne-Yo,8217.9,4.692,4016.6,3517.3,4201.4
208,Frank Sinatra,8201.9,3.374,8000.8,6329.3,201.1
209,Meek Mill,8196.5,2.165,6021.7,1642.8,2174.7
210,The Rolling Stones,8168.3,4.452,8155.3,8029.9,13.0
211,Megan Thee Stallion,8164.2,3.575,4810.6,2880.5,3353.6
212,Reik,8159.2,3.719,6841.1,3310.0,1318.1
213,Gorillaz,8153.6,4.229,8151.7,5130.6,1.9
214,Morat,8130.8,6.121,6593.9,4742.0,1536.9
215,Christian Nodal,8105.9,5.42,5725.7,5028.5,2380.2
216,Miguel,8067.3,4.891,4372.1,2944.6,3695.2
217,Bryson Tiller,8020.2,5.562,5148.9,4928.2,2871.4
218,Yandel,8012.0,4.63,3935.4,856.2,4076.6
219,Florida Georgia Line,8010.6,2.123,5183.6,3743.1,2827.0
220,Alessia Cara,8004.4,2.089,5046.7,4881.0,2957.7
221,Banda MS de Sergio Lizárraga,7976.0,4.284,7386.7,6927.1,589.3
222,Clean Bandit,7940.6,2.148,7715.4,68.5,225.2
223,Mariah Carey,7904.3,3.876,7206.8,5867.8,697.5
224,Junior H,7870.5,31.955,5365.2,3397.0,2505.3
225,Jack Harlow,7869.6,10.563,5338.1,3190.6,2531.5
226,Kali Uchis,7828.5,9.359,4450.0,3207.4,3378.5
227,Hozier,7766.0,6.198,7325.7,7133.2,440.2
228,Russ,7721.6,2.925,7449.5,6480.4,272.1
229,Labrinth,7674.4,4.755,4909.7,3801.5,2764.7
230,Gusttavo Lima,7634.7,5.269,6308.1,5771.9,1326.6
231,Darell,7611.3,2.841,889.4,165.9,6721.9
232,Jeremih,7563.5,2.069,3922.3,1532.2,3641.2
233,Luis Fonsi,7556.3,2.001,6694.3,1035.4,862.0
234,Jonas Blue,7521.6,2.395,6225.4,31.5,1296.2
235,Alicia Keys,7454.7,3.618,5406.2,4800.9,2048.4
236,Radiohead,7359.5,5.369,7359.5,7299.7,0.0
237,Lorde,7357.0,2.998,7055.0,6735.2,302.0
238,Julia Michaels,7290.9,2.295,3451.8,2531.1,3839.1
239,YG,7286.6,1.846,3420.6,877.9,3866.0
240,Melanie Martinez,7247.5,4.899,7247.5,7133.2,0.0
241,Don Toliver,7234.5,6.095,3658.0,2640.0,3576.5
242,Jul,7229.0,5.457,5488.1,4435.9,1740.9
243,Wisin & Yandel,7223.1,4.615,4865.2,2780.3,2357.9
244,TWICE,7218.7,5.082,7169.2,7147.2,49.4
245,Bastille,7204.9,2.097,4779.8,4369.7,2425.0
246,NAV,7199.2,2.235,4688.3,1560.5,2510.9
247,Christina Aguilera,7198.6,3.334,4100.8,3110.3,3097.8
248,David Bowie,7194.3,3.15,5738.3,5610.9,1456.0
249,Tame Impala,7188.5,4.953,6680.7,6592.7,507.7
250,U2,7170.3,4.38,6760.2,6576.4,410.2
251,Foo Fighters,7159.9,4.235,7159.9,7153.5,0.0
252,Ninho,7105.3,4.437,4110.4,3162.0,2994.9
253,Kehlani,7086.7,2.09,3643.4,2456.7,3443.3
254,The Notorious B.I.G.,7083.9,3.624,5910.2,4317.2,1173.7
255,The 1975,7059.6,3.492,6855.5,6834.9,204.2
256,Elvis Presley,7050.1,3.548,7012.0,6387.6,38.1
257,Troye Sivan,7016.8,4.221,4812.2,3959.8,2204.6
258,Jhené Aiko,6985.6,3.457,3717.5,1935.5,3268.0
259,blink-182,6977.5,5.33,6875.3,6841.8,102.2
260,System Of A Down,6958.6,4.715,6957.8,6946.4,0.8
261,The Killers,6910.6,3.218,6910.1,6760.8,0.5
262,ABBA,6899.9,4.581,6899.9,6899.9,0.0
263,Dalex,6861.4,2.387,3164.2,388.8,3697.2
264,Paulo Londra,6856.4,2.761,5439.8,4401.8,1416.6
265,Tove Lo,6723.9,2.065,4199.5,3080.4,2524.4
266,Led Zeppelin,6698.8,3.204,6698.8,6698.8,0.0
267,6ix9ine,6695.3,1.438,5400.2,1859.1,1295.1
268,T-Pain,6673.9,3.076,2825.8,491.2,3848.0
269,Paramore,6636.7,4.047,6636.7,6624.5,0.0
270,Rita Ora,6609.9,1.686,3355.4,2533.3,3254.6
271,Slipknot,6553.2,4.029,6553.2,6553.2,0.0
272,Kesha,6548.5,2.862,4562.1,4123.5,1986.4
273,PARTYNEXTDOOR,6538.5,4.061,4010.3,2376.5,2528.2
274,Rammstein,6535.2,4.091,6535.2,6438.1,0.0
275,Daniel Caesar,6487.3,5.842,4698.8,2295.5,1788.5
276,De La Ghetto,6463.9,2.684,1033.0,314.8,5430.9
277,Rae Sremmurd,6462.9,1.722,5707.0,3105.8,756.0
278,Marc Anthony,6461.9,2.781,3992.8,3756.7,2469.1
279,NATTI NATASHA,6450.6,1.729,2803.7,589.5,3646.8
280,Bon Jovi,6445.8,3.802,6444.0,6364.3,1.8
281,Tainy,6443.6,5.343,2752.9,0.0,3690.7
282,Ñengo Flow,6440.1,5.923,1227.5,392.4,5212.5
283,Chencho Corleone,6408.8,4.376,166.8,88.2,6242.0
284,Anderson .Paak,6396.8,3.344,2040.3,1078.5,4356.5
285,Madonna,6393.3,5.17,5872.2,4886.5,521.1
286,6LACK,6362.2,2.168,3064.4,2092.5,3297.8
287,Natanael Cano,6343.6,13.487,4462.5,2457.6,1881.2
288,Fetty Wap,6336.7,1.178,3860.2,2182.5,2476.5
289,Alok,6334.3,4.064,5024.2,204.6,1310.1
290,Creedence Clearwater Revival,6274.1,4.849,6274.1,6270.0,0.0
291,Luke Bryan,6245.9,2.98,5425.6,5337.0,820.3
292,Bonez MC,6236.3,2.478,3325.9,694.0,2910.4
293,Rels B,6229.1,7.47,5149.7,4195.9,1079.4
294,Grupo Firme,6216.4,7.006,4951.1,1616.6,1265.3
295,T.I.,6206.4,2.172,3203.3,1166.8,3003.1
296,Muse,6167.5,2.605,6167.5,6144.2,0.0
297,Zé Neto & Cristiano,6123.1,5.266,5231.0,5032.1,892.1
298,Jonas Brothers,6122.9,3.374,4831.8,4637.0,1291.1
299,Felix Jaehn,6122.6,2.6,2733.6,45.3,3389.0
300,The Lumineers,6092.0,4.231,6043.0,6029.0,49.0
301,Jennifer Lopez,6075.2,2.325,4951.1,2046.7,1124.0
302,Juicy J,6049.3,2.03,1309.4,116.7,4739.8
303,Eladio Carrion,6047.5,8.066,4448.1,1502.6,1599.4
304,Oasis,6035.5,3.126,6035.5,6034.7,0.0
305,Wizkid,6032.8,3.175,1426.1,513.7,4606.7
306,Niall Horan,6004.0,2.742,4872.1,4545.9,1131.9
307,Bing Crosby,5975.5,0.421,5938.8,2429.2,36.7
308,Charli XCX,5969.2,5.147,2903.7,1757.5,3065.6
309,Jack Johnson,5950.7,2.243,5736.4,5570.8,214.3
310,Quevedo,5936.8,13.032,2996.8,1952.6,2940.0
311,Ludacris,5935.4,3.166,1610.6,504.7,4324.7
312,Lil Tecca,5912.8,5.922,5063.6,3985.7,849.2
313,Steve Aoki,5911.0,1.598,3462.7,11.9,2448.3
314,Matheus & Kauan,5899.6,3.641,4698.6,3377.6,1200.9
315,Hailee Steinfeld,5876.9,1.275,5312.5,2165.4,564.4
316,My Chemical Romance,5837.4,3.529,5837.4,5805.0,0.0
317,Bring Me The Horizon,5807.9,3.263,5446.0,4864.0,362.0
318,Jess Glynne,5800.9,1.68,2463.1,2162.3,3337.8
319,Glass Animals,5797.3,2.644,5785.5,5354.9,11.8
320,R3HAB,5780.5,2.556,3478.8,204.4,2301.7
321,RAF Camora,5760.0,2.624,2439.7,1155.1,3320.3
322,Mora,5745.7,13.543,4398.4,1472.5,1347.3
323,Kevin Gates,5733.0,1.676,4868.8,4238.9,864.2
324,Alesso,5722.2,2.055,3313.3,690.3,2408.9
325,Stray Kids,5714.4,6.26,5669.5,5567.0,44.9
326,Piso 21,5712.0,3.182,5040.8,1153.8,671.2
327,Mumford & Sons,5708.2,1.614,5541.7,5327.6,166.5
328,Maria Becerra,5705.8,8.056,1962.4,1358.7,3743.3
329,Bazzi,5695.4,1.477,5627.6,4742.7,67.8
330,MØ,5692.8,1.323,1522.5,1230.2,4170.3
331,ScHoolboy Q,5674.8,1.57,3519.2,1252.7,2155.6
332,Carin Leon,5663.0,14.409,4158.6,3283.9,1504.4
333,Kid Ink,5662.4,1.246,2496.1,776.2,3166.4
334,Sfera Ebbasta,5652.9,4.46,2327.2,1493.7,3325.7
335,Florence + The Machine,5651.1,2.795,5651.1,5278.2,0.0
336,Bryant Myers,5603.5,3.795,2022.0,708.5,3581.5
337,Whitney Houston,5591.2,2.707,4713.6,4192.2,877.6
338,Nickelback,5581.0,3.294,5581.0,5539.3,0.0
339,Mark Ronson,5552.1,2.05,3967.8,8.9,1584.3
340,Brent Faiyaz,5548.2,7.246,4087.3,3626.9,1460.9
341,Måneskin,5504.1,4.974,5498.2,5319.3,5.9
342,League of Legends,5490.1,3.234,2340.9,336.6,3149.2
343,Conan Gray,5485.5,4.591,5334.7,5334.7,150.7
344,Bruce Springsteen,5481.4,2.299,5420.5,5410.0,61.0
345,Maná,5453.8,4.093,5453.3,4163.9,0.4
346,Kings of Leon,5451.3,2.216,5451.3,5436.7,0.0
347,Alejandro Fernández,5442.7,2.565,5088.5,4162.3,354.2
348,Stevie Wonder,5440.3,2.546,5049.0,4878.6,391.3
349,Prince Royce,5437.4,2.508,4031.1,2606.6,1406.3
350,Disclosure,5435.3,1.6,5241.4,545.7,193.9
351,Cartel De Santa,5418.0,3.855,5031.6,3460.5,386.4
352,Cheat Codes,5417.0,0.692,3519.6,189.2,1897.4
353,Summer Walker,5401.4,5.13,4485.8,2184.4,915.6
354,Avril Lavigne,5393.4,2.579,5280.4,5011.3,113.0
355,JID,5391.8,3.604,1421.9,728.3,3969.9
356,Lizzo,5389.3,2.151,5239.8,4262.0,149.4
357,Kane Brown,5372.0,2.143,3686.5,2362.7,1685.5
358,Five Finger Death Punch,5362.7,1.99,5362.7,5057.8,0.0
359,Wesley Safadão,5337.4,2.751,3617.9,2231.4,1719.6
360,Ski Mask The Slump God,5329.2,1.991,3649.8,2481.7,1679.4
361,Aventura,5322.1,4.045,5283.2,3509.1,38.8
362,Kelly Clarkson,5321.0,2.109,5041.4,4794.0,279.6
363,Maiara & Maraisa,5310.5,2.763,2012.7,1663.4,3297.7
364,Capital Bra,5309.3,0.966,3785.0,1462.1,1524.4
365,Vance Joy,5305.8,2.734,5159.0,5065.6,146.8
366,The Script,5296.8,2.108,5276.8,4028.8,20.1
367,NLE Choppa,5294.2,4.265,4175.4,2588.2,1118.8
368,Aerosmith,5280.5,2.781,5041.7,5034.8,238.8
369,Giveon,5268.0,3.568,2964.4,2915.2,2303.5
370,Galantis,5248.6,1.562,4615.7,2585.9,633.0
371,Jason Mraz,5203.8,1.772,5043.1,4267.0,160.7
372,iann dior,5203.5,1.427,2482.3,1296.8,2721.2
373,Brytiago,5201.5,2.534,1892.4,132.0,3309.1
374,Rex Orange County,5194.7,2.531,4804.1,4219.7,390.5
375,Nate Dogg,5190.0,2.684,788.1,144.4,4401.9
376,Amy Winehouse,5189.7,2.54,4817.6,4615.7,372.1
377,Calibre 50,5171.5,2.545,4714.9,4331.6,456.6
378,Johnny Cash,5166.8,2.053,4541.6,3569.5,625.3
379,Danny Ocean,5159.2,3.373,4073.6,3909.0,1085.7
380,YNW Melly,5156.8,2.203,4692.3,3082.5,464.5
381,Trey Songz,5137.4,1.215,3613.2,2538.4,1524.2
382,Anirudh Ravichander,5131.5,14.495,4108.4,1029.2,1023.1
383,Macklemore & Ryan Lewis,5122.8,2.472,5122.8,108.6,0.0
384,Fifth Harmony,5120.9,1.062,4842.5,1972.5,278.4
385,Thomas Rhett,5115.4,1.726,4730.9,3926.8,384.5
386,Tate McRae,5094.3,9.476,4262.5,3892.3,831.8
387,Lil Skies,5091.6,1.014,4132.8,2521.2,958.9
388,Lost Frequencies,5074.9,3.539,4732.1,1273.6,342.8
389,Billy Joel,5067.8,2.983,5022.1,4990.1,45.6
390,Chris Stapleton,5054.5,4.973,4052.1,4052.1,1002.4
391,H.E.R.,5032.2,3.207,2810.3,1695.0,2221.9
392,Timbaland,5014.7,4.251,2174.4,20.4,2840.3
393,Burna Boy,5012.1,6.116,2853.4,2030.5,2158.7
394,Ryan Lewis,4999.6,2.449,0.0,0.0,4999.6
395,Fuerza Regida,4987.4,14.122,4048.4,1810.1,939.0
396,Backstreet Boys,4977.2,2.53,4683.7,4659.9,293.5
397,Alejandro Sanz,4973.3,2.532,3714.8,2925.7,1258.5
398,Mustard,4963.4,1.587,2586.4,2.1,2376.9
399,Steve Lacy,4927.7,6.233,4154.6,4076.2,773.1
400,Ricardo Arjona,4917.2,2.735,4907.3,4400.1,9.9
401,El Alfa,4916.5,3.979,2436.8,411.8,2479.7
402,Nelly,4909.8,2.382,4033.9,1458.3,875.9
403,Hans Zimmer,4901.1,5.275,4545.2,2927.4,356.0
404,Glee Cast,4896.3,1.087,4896.3,4128.7,0.0
405,Bon Iver,4889.5,3.327,3462.2,3462.2,1427.3
406,The Offspring,4877.1,3.284,4876.0,4796.6,1.1
407,Jason Aldean,4870.8,2.123,4639.7,4221.1,231.1
408,A$AP Ferg,4847.8,1.422,3060.7,1057.0,1787.0
409,Disturbed,4840.4,1.967,4840.4,4804.2,0.0
410,Lil Pump,4840.2,0.628,2471.8,2019.8,2368.4
411,DJ Luian,4828.5,2.664,970.8,0.0,3857.7
412,Pearl Jam,4823.9,2.126,4823.9,4812.6,0.0
413,TINI,4823.7,3.674,3708.6,956.6,1115.1
414,Eagles,4816.3,2.608,4816.3,4816.3,0.0
415,Nio Garcia,4814.6,1.413,3815.2,107.2,999.4
416,The Strokes,4777.2,2.758,4777.2,4756.3,0.0
417,Calum Scott,4758.7,2.622,3247.8,2762.4,1510.9
418,Juanes,4709.4,2.87,3052.0,2379.5,1657.4
419,Mac DeMarco,4659.4,4.826,4613.3,4613.3,46.1
420,Moneybagg Yo,4655.8,2.823,2791.5,1463.4,1864.4
421,Three Days Grace,4615.2,2.174,4615.2,4597.9,0.0
422,24kGoldn,4612.6,1.413,3662.5,1183.7,950.1
423,George Ezra,4610.1,1.969,4610.1,4468.4,0.0
424,Zach Bryan,4604.5,17.252,4604.5,4194.4,0.0
425,James Bay,4601.5,1.265,4478.8,4154.6,122.7
426,Flume,4577.4,1.297,4427.1,1083.3,150.3
427,Avenged Sevenfold,4577.3,2.838,4572.9,4567.7,4.4
428,Alec Benjamin,4574.1,2.676,4387.2,4235.2,186.9
429,Mambo Kingz,4557.4,2.668,6.7,0.9,4550.7
430,Phil Collins,4555.9,2.394,4231.5,4189.2,324.3
431,Original Broadway Cast of Hamilton,4535.0,1.791,542.3,542.3,3992.7
432,KHEA,4518.9,2.435,2106.7,392.7,2412.2
433,Dean Lewis,4508.6,2.87,4210.3,4167.9,298.3
434,Cigarettes After Sex,4467.4,5.934,4467.4,4467.4,0.0
435,B.o.B,4455.3,2.114,3051.5,441.4,1403.8
436,Tones And I,4453.1,1.134,4422.0,4420.7,31.0
437,Dave,4451.9,5.898,3955.4,1600.9,496.6
438,X Ambassadors,4451.7,1.518,2476.8,1975.3,1974.8
439,AFROJACK,4448.9,1.482,1397.3,50.9,3051.6
440,Jay Wheeler,4443.6,3.6,2635.3,452.7,1808.3
441,PnB Rock,4440.7,0.942,2026.4,1129.0,2414.3
442,Pablo Alborán,4412.3,2.149,3636.2,2731.8,776.1
443,Bryan Adams,4395.5,4.894,4182.5,3800.7,213.0
444,Rich The Kid,4391.6,1.009,2383.1,1180.9,2008.4
445,Dan + Shay,4390.2,1.533,4300.1,3092.4,90.1
446,Noriel,4380.0,2.452,597.1,140.1,3782.9
447,Ricky Martin,4379.1,1.815,3730.7,1854.7,648.4
448,Lunay,4377.3,1.287,2529.6,232.6,1847.7
449,benny blanco,4373.7,1.45,3480.2,3.4,893.4
450,Céline Dion,4366.6,2.107,4175.5,3699.4,191.1
451,LANY,4358.5,1.797,3805.8,3744.0,552.7
452,Bee Gees,4351.5,2.866,4286.4,4183.2,65.1
453,Lin-Manuel Miranda,4348.4,2.019,1519.5,151.3,2828.8
454,Train,4341.6,1.85,4084.8,3956.7,256.8
455,Plan B,4329.0,4.973,2818.2,2396.9,1510.7
456,Lil Mosey,4315.9,1.039,3723.4,3027.9,592.6
457,Dire Straits,4310.3,2.641,4310.3,4310.3,0.0
458,RAYE,4287.6,5.737,1548.8,364.7,2738.8
459,MGMT,4282.5,1.978,2968.1,2955.8,1314.4
460,Joan Sebastian,4273.3,2.914,4207.1,3556.3,66.2
461,Jax Jones,4271.5,1.66,3057.3,59.7,1214.2
462,Cazzu,4267.6,2.427,1100.6,520.9,3167.0
463,Vicente Fernández,4264.8,2.821,4127.9,4050.2,136.9
464,Daya,4256.8,1.01,1806.5,1695.3,2450.3
465,Los Ángeles Azules,4252.8,3.098,4101.5,1417.0,151.3
466,Outkast,4248.8,2.402,4069.8,3679.5,179.1
467,SEVENTEEN,4244.3,4.589,4216.3,4191.2,28.0
468,Clairo,4237.2,3.355,3224.2,3026.5,1013.0
469,Armin van Buuren,4209.1,1.803,3698.7,816.7,510.3
470,ILLENIUM,4206.7,1.429,2967.6,165.6,1239.1
471,Eslabon Armado,4205.4,5.473,3966.9,2106.6,238.5
472,Becky Hill,4203.6,2.204,1479.1,269.0,2724.6
473,The Police,4202.5,3.358,4202.5,4191.9,0.0
474,Rod Wave,4195.4,5.751,4047.6,3290.0,147.8
475,Luciano,4190.9,1.977,2865.0,2056.5,1325.9
476,Lukas Graham,4186.0,1.304,3969.3,3720.9,216.7
477,AJR,4182.5,1.728,3955.6,3661.3,226.8
478,Jessie J,4178.5,1.565,4060.9,2113.7,117.6
479,La Arrolladora Banda El Limón De Rene Camacho,4169.4,2.707,4147.0,4084.6,22.3
480,Iggy Azalea,4156.8,0.952,2724.9,736.4,1431.9
481,Luis R Conriquez,4151.4,5.804,1988.7,1243.1,2162.7
482,Stormzy,4150.1,1.548,2514.9,1581.3,1635.2
483,will.i.am,4147.2,1.879,1713.2,142.2,2433.9
484,Maren Morris,4145.0,1.356,1794.3,1501.9,2350.8
485,Mitski,4144.6,8.857,4108.3,4108.3,36.3
486,Damso,4136.5,2.252,2819.5,2563.2,1317.0
487,Sam Feldt,4117.3,1.131,3001.3,137.8,1116.0
488,Seeb,4112.9,0.883,909.9,6.7,3203.1
489,Jesse & Joy,4065.8,2.465,3528.1,2527.4,537.7
490,Jeremy Zucker,4031.5,1.314,3713.7,1558.0,317.8
491,Sabrina Carpenter,4020.0,4.762,2956.0,2823.3,1064.0
492,Passenger,4017.9,1.582,4017.9,3833.6,0.0
493,MEDUZA,4012.3,3.014,3732.0,7.9,280.2
494,CNCO,4009.5,0.921,3591.2,2312.8,418.3
495,Foster The People,4001.5,1.457,3809.1,3714.1,192.5
496,Nas,3998.6,2.193,2878.3,1746.8,1120.3
497,Cage The Elephant,3985.2,2.022,3985.2,3915.3,0.0
498,Juan Gabriel,3981.8,2.591,3689.4,3002.8,292.4
499,Shreya Ghoshal,3974.2,8.076,766.5,384.3,3207.7
